order;id;C;K;B
9;u10;/LungSGWiSrMwq0+JAwYaA==;h8ABaz70cRYfzoU8Ln2PDA==;Verh5IlSEt+vvAhiSTwxB3yClGaeH5M6ZuQtT5L0xJ0=
6;u9;YCENKs8syXhMYvyksjwbyA==;aUy0lJ4M5x/fAHXzJpinuw==;LXxizA/D8UB034C6rDjFj+7ls934cNmHzKvjYRcE8Po=
7;u8;XjWGxEIeeFZ5uZFqVy/JxQ==;sFIC6tc7N+r/T4PwSzaj4w==;Lym+GcIWHqxhSfJo5lqmGlZ5UWFe/PUd/NTWuJZDFmw=
8;u7;pdnqFPO75pDj9bXgaGEXlA==;jBc+aRT0YDOlf015ZGt7tQ==;lxor9Biju8/GESlUg1ChhuWKxPB68aLOzyDlI4w9Z8o=
5;u5;WCjGrIAS7Aetn3xfklnh5w==;PhVHuMmK0bV4Pf3fjLNMKg==;N0t3n4JaiAAtgJ4Xq5PAvQAwJmAV/h8cX6VM+X9eFBg=
4;u6;npC+lpZs6Z9XirMNkRDQEQ==;LvTCFOSroVkrgMi9MCqqKA==;6u+hH3QXbeGfjnwLXDQ27rZ/SAVn4st5raW1X84a3qY=
1;u3;2IFjJ5mYQiKOhAFLJ2pxyw==;aDlzfYpsw+v4QGDiUYtjnw==;sZw0LGnkp1bd9uVJiKoZgif80+iRDEKVaz1zlzCOnGk=
10;u4;t28FJYet8p4/jdgqrRSfvg==;NWl8OnHwg1YCCM98lbomLQ==;Kjz24NCaPbM45bv/NuGGrFZSEbtCyGnu+jWmxBWcgRw=
2;u2;Fjj/npa0IeKLPZj3IryZPQ==;i5RYZCYrW4qGUXBWvZshew==;Tl3bsZlu5S0vVfldtuX35NiNwuRxjTcjzBrFh63v+2M=
3;u1;isuP7x2JmNL5XPDWrd7VLQ==;FqeyA6vW7ZmVNTBoFnLTnA==;sKPCRj5MnFrUdQWKDFvlL8rGc/1LOFiH2dwuhQRxTEY=
